<stallionsden>

<append xpath="/items">
<item name="carBatteryLH">
	<property name="HoldType" value="45"/>
	<property name="Tags" value="junk"/>
	<property name="Meshfile" value="@:Other/Items/Misc/sackPrefab.prefab"/>
	<property name="DropMeshfile" value="@:Other/Items/Misc/sack_droppedPrefab.prefab"/>
	<property name="UnlockedBy" value="craftingElectrician"/><!-- perkGreaseMonkey, -->
	<property name="Material" value="MresourceScrapLeadLarge"/>
	<property name="Stacknumber" value="1"/>
	<property name="Weight" value="160"/>
	<property name="EconomicValue" value="500"/>
	<property name="Group" value="Resources,Chemicals"/>
	<property name="DegradationBreaksAfter" value="false"/>
	<property name="ShowQuality" value="true"/>
	<property class="Attributes">
		<property name="DegradationMax" value="1000,6000"/> <!-- needed for electrical calculations -->
		<property name="BatteryMaxLoadInVolts" value="300, 800"/>
		<property name="BatteryDischargeTimeInMinutes" value="30,90"/>
	</property>
	<effect_group>
		<passive_effect name="ModSlots" operation="base_set" value="0"/>
		<passive_effect name="DegradationMax" operation="base_set" value="5000,10000" tier="1,6"/>
	</effect_group>
</item>
<item name="carBatteryLH">
	<property name="HoldType" value="45"/>
	<property name="Tags" value="junk"/>
	<property name="Meshfile" value="@:Other/Items/Misc/sackPrefab.prefab"/>
	<property name="DropMeshfile" value="@:Other/Items/Misc/sack_droppedPrefab.prefab"/>
	<property name="UnlockedBy" value="craftingElectrician"/><!-- perkGreaseMonkey, -->
	<property name="Material" value="MresourceScrapLeadLarge"/>
	<property name="Stacknumber" value="1"/>
	<property name="Weight" value="160"/>
	<property name="EconomicValue" value="500"/>
	<property name="Group" value="Resources,Chemicals"/>
	<property name="DegradationBreaksAfter" value="false"/>
	<property name="ShowQuality" value="true"/>
	<property class="Attributes">
		<property name="DegradationMax" value="1000,6000"/> <!-- needed for electrical calculations -->
		<property name="BatteryMaxLoadInVolts" value="120, 360"/>
		<property name="BatteryDischargeTimeInMinutes" value="30,90"/>
	</property>
	<effect_group>
		<passive_effect name="ModSlots" operation="base_set" value="0"/>
		<passive_effect name="DegradationMax" operation="base_set" value="5000,10000" tier="1,6"/>
	</effect_group>
</item>

</append>


</stallionsden>