<!--
Sam's Sam's Sustainable Forestry
v20.0.0
by saminal
barely tested, good luck

blocks.xml
-->
<configs>

    <!-- SJ: Set all trees to grow very rapidly for testing / debugging -->
    <!-- Uncomment this line to have saplings regrow after a minute.
         Set the value to 60 to regrow after a day
         Set the value to a multiple of 60 to regrow after a number of days -->
    
    <!--<set xpath="blocks/block[@name='treeMasterGrowing']/property[@name='PlantGrowing.GrowthRate']/@value">1</set>-->

    <!-- SJ: Reduce chance to drop seeds to 1 in 30 -->
    
    <setattribute xpath="blocks/block[starts-with(@name, 'tree')]/drop[(@event='Destroy') and (@name='treePlantedMountainPine1m' or @name='treePlantedOak1m' or @name='treePlantedWinterPine1m')]" name="prob">0.03</setattribute>
    <setattribute xpath="blocks/block[starts-with(@name, 'tree')]/drop[(@event='Destroy') and (@name='treePlantedMountainPine1m' or @name='treePlantedOak1m' or @name='treePlantedWinterPine1m')]" name="count">1</setattribute>

    <!-- SJ: Set trees to drop random helper seeds rather than traditional seeds -->
    
    <setattribute xpath="blocks/block[starts-with(@name, 'tree')]/drop[@event='Destroy' and @name='treePlantedMountainPine1m']" name="name">treeMountainPineSapling</setattribute>
    <setattribute xpath="blocks/block[starts-with(@name, 'tree')]/drop[@event='Destroy' and @name='treePlantedWinterPine1m']" name="name">treeWinterPineSapling</setattribute>
    <setattribute xpath="blocks/block[starts-with(@name, 'tree')]/drop[@event='Destroy' and @name='treePlantedOak1m']" name="name">treeOakSapling</setattribute>


    <!-- SJ: Remove seed drops altogether - only RWG trees exist, and if you remove the sapling it's gone forever -->
    <!-- Uncomment this line to remove the rare seed drops totally -->
    
    <!-- <remove xpath="blocks/block[starts-with(@name, 'tree')]/drop[(@event='Destroy') and (@name='treePlantedMountainPine1m' or @name='treePlantedOak1m' or @name='treePlantedWinterPine1m')]"/> -->




    <!-- SJ: Create random helpers and saplings -->

    <insertBefore xpath="/blocks/block[@name='treeCactus01']">

        <block name="treeMountainPineRandomHelper">
            <property name="Extends" value="treeOakSml01"/>
            <property name="PlantGrowing.FertileLevel" value="0"/>
            <property name="DescriptionKey" value="treeRandomHelperGroupDesc"/>
            <property name="CreativeMode" value="Dev"/>
            <property name="DisplayInfo" value="Name"/>
            <property name="CustomIcon" value="treeMountainPine12m"/> <property name="CustomIconTint" value="ff8080"/>
            <property name="MultiBlockDim" value="1,1,1"/>
            <property name="FilterTags" value="foutdoor,ftrees,fdesign"/>
        </block>
        <block name="treeOakRandomHelper">
            <property name="Extends" value="treeOakMed01"/>
            <property name="PlantGrowing.FertileLevel" value="0"/>
            <property name="DescriptionKey" value="treeRandomHelperGroupDesc"/>
            <property name="CreativeMode" value="Dev"/>
            <property name="DisplayInfo" value="Name"/>
            <property name="CustomIcon" value="treeOakMed01"/> <property name="CustomIconTint" value="ff8080"/>
            <property name="MultiBlockDim" value="1,1,1"/>
            <property name="FilterTags" value="foutdoor,ftrees,fdesign"/>
        </block>
        <block name="treeWinterPineRandomHelper">
            <property name="Extends" value="treeOakMed01"/>
            <property name="PlantGrowing.FertileLevel" value="0"/>
            <property name="DescriptionKey" value="treeRandomHelperGroupDesc"/>
            <property name="CreativeMode" value="Dev"/>
            <property name="DisplayInfo" value="Name"/>
            <property name="CustomIcon" value="treeWinterPine13m"/> <property name="CustomIconTint" value="ff8080"/>
            <property name="MultiBlockDim" value="1,1,1"/>
            <property name="FilterTags" value="foutdoor,ftrees,fdesign"/>
        </block>

        <block name="treeCactusRandomHelper">
            <property name="Extends" value="treeOakMed01"/>
            <property name="PlantGrowing.FertileLevel" value="0"/>
            <property name="DescriptionKey" value="treeRandomHelperGroupDesc"/>
            <property name="CreativeMode" value="Dev"/>
            <property name="DisplayInfo" value="Name"/>
            <property name="CustomIcon" value="treeCactus04"/> <property name="CustomIconTint" value="ff8080"/>
            <property name="MultiBlockDim" value="1,1,1"/>
            <property name="FilterTags" value="foutdoor,ftrees,fdesign"/>
        </block>

        <block name="treeBurntWastelandRandomHelper">
            <property name="Extends" value="treeOakMed01"/>
            <property name="PlantGrowing.FertileLevel" value="0"/>
            <property name="DescriptionKey" value="treeRandomHelperGroupDesc"/>
            <property name="CreativeMode" value="Dev"/>
            <property name="DisplayInfo" value="Name"/>
            <property name="CustomIcon" value="treeDeadTree01"/> <property name="CustomIconTint" value="ff8080"/>
            <property name="MultiBlockDim" value="1,1,1"/>
            <property name="FilterTags" value="foutdoor,ftrees,fdesign"/>
        </block>

        <block name="treeOakSapling">
            <property name="Extends" value="treeMasterGrowing" param1="CustomIcon,Harvest"/>
            <property name="DescriptionKey" value="treePlantedSeed1mDesc"/>
            <property name="CustomIcon" value="treePlantedOak1m"/>
            <property name="CreativeMode" value="Player"/>
            <property name="MaxDamage" value="50"/>
            <property name="Material" value="Mplants"/>
            <property name="StabilitySupport" value="false"/>
            <property name="Model" value="#Entities/Trees?OakSeed01Prefab.prefab"/>
            <property name="ModelOffset" value="0,-0.2,0"/>
            <property name="Collide" value="melee"/>
            <property name="FallOver" value="false"/>
            <property name="BigDecorationRadius" value="4"/>
            <property name="OnlySimpleRotations" value="true"/>
            <property name="PlantGrowing.Next" value="treeOakRandomHelper"/>
            <property name="EconomicValue" value="12"/>
            <property name="EconomicBundleSize" value="5"/>
            <property name="SellableToTrader" value="false"/>
            <property name="Group" value="Resources"/>
            <property name="ParticleOnDeath" value="treeGib_sapling"/>
            <property name="SortOrder2" value="0350"/> <!-- SortTree -->
            <property name="ActivationDistance" value="4"/>
        </block>

        <block name="treeMountainPineSapling">
            <property name="Extends" value="treeMasterGrowing" param1="CustomIcon,Harvest"/>
            <property name="DescriptionKey" value="treePlantedSeed1mDesc"/>
            <property name="CustomIcon" value="treePlantedMountainPine1m"/>
            <property name="CreativeMode" value="Player"/>
            <property name="MaxDamage" value="50"/>
            <property name="Material" value="Mplants"/>
            <property name="StabilitySupport" value="false"/>
            <property name="Model" value="#Entities/Trees?MountainPineSeed01Prefab.prefab"/>
            <property name="ModelOffset" value="0,-0.2,0"/>
            <property name="Collide" value="melee"/>
            <property name="FallOver" value="false"/>
            <property name="BigDecorationRadius" value="4"/>
            <property name="PlantGrowing.Next" value="treeMountainPineRandomHelper"/>
            <property name="EconomicValue" value="12"/>
            <property name="EconomicBundleSize" value="5"/>
            <property name="SellableToTrader" value="false"/>
            <property name="Group" value="Resources"/>
            <property name="ParticleOnDeath" value="treeGib_sapling"/>
            <property name="SortOrder2" value="0350"/> <!-- SortTree -->
            <property name="ActivationDistance" value="4"/>
        </block>

        <block name="treeWinterPineSapling">
            <property name="Extends" value="treeMasterGrowing" param1="CustomIcon,Harvest"/>
            <property name="DescriptionKey" value="treePlantedSeed1mDesc"/>
            <property name="CustomIcon" value="treePlantedMountainPine1m"/>
            <property name="CustomIconTint" value="b0b0ff"/>
            <property name="CreativeMode" value="Player"/>
            <property name="CustomIconTint" value="b0b0ff"/>
            <property name="CustomIcon" value="treePlantedMountainPine1m"/>
            <property name="MaxDamage" value="50"/>
            <property name="Material" value="Mplants"/>
            <property name="StabilitySupport" value="false"/>
            <property name="Model" value="#Entities/Trees?MountainPineSeed01Prefab.prefab"/>
            <property name="ModelOffset" value="0,-0.2,0"/>
            <property name="Collide" value="melee"/>
            <property name="FallOver" value="false"/>
            <property name="BigDecorationRadius" value="4"/>
            <property name="PlantGrowing.Next" value="treeWinterPineRandomHelper"/>
            <property name="EconomicValue" value="12"/>
            <property name="EconomicBundleSize" value="5"/>
            <property name="SellableToTrader" value="false"/>
            <property name="Group" value="Resources"/>
            <property name="ParticleOnDeath" value="treeGib_sapling"/>
            <property name="SortOrder2" value="0350"/> <!-- SortTree -->
            <property name="ActivationDistance" value="4"/>
        </block>

        <block name="treeBurntWastelandSapling">
            <property name="Extends" value="treeMasterGrowing" param1="CustomIcon,Harvest"/>
            <property name="DescriptionKey" value="treePlantedSeed1mDesc"/>
            <property name="CustomIcon" value="treePlainsTree"/>
            <property name="CreativeMode" value="Player"/>
            <property name="MaxDamage" value="50"/>
            <property name="StabilitySupport" value="false"/>
            <property name="Shape" value="ModelEntity"/>
            <property name="Model" value="#Entities/Trees?SnakeweedPrefab.prefab"/>
            <property name="ModelOffset" value="0,0,0"/>
            <property name="Collide" value="melee"/>
            <property name="FallOver" value="false"/>
            <property name="BigDecorationRadius" value="4"/>
            <property name="PlantGrowing.Next" value="treeBurntWastelandRandomHelper"/>
            <property name="EconomicValue" value="12"/>
            <property name="EconomicBundleSize" value="5"/>
            <property name="SellableToTrader" value="false"/>
            <property name="Group" value="Resources"/>
            <property name="SortOrder2" value="0350"/> <!-- SortTree -->
            <property name="ActivationDistance" value="4"/>
        </block>

        <block name="treeCactusSapling">
            <property name="Extends" value="treeMasterGrowing" param1="CustomIcon,Harvest,MultiBlockDim"/>
            <property name="DescriptionKey" value="treePlantedSeed1mDesc"/>
            <property name="CustomIcon" value="treeCactus04"/>
            <property name="CreativeMode" value="Player"/>
            <property name="MaxDamage" value="50"/>
            <property name="Material" value="Mplants"/>
            <property name="StabilitySupport" value="false"/>
            <property name="Model" value="Entities/Plants/cactus04Prefab"/>
            <property name="ModelOffset" value="0,0.45,0"/>
            <property name="Collide" value="melee"/>
            <property name="FallOver" value="false"/>
            <property name="BigDecorationRadius" value="4"/>
            <property name="PlantGrowing.Next" value="treeCactusRandomHelper"/>
            <property name="EconomicValue" value="12"/>
            <property name="EconomicBundleSize" value="5"/>
            <property name="SellableToTrader" value="false"/>
            <property name="Group" value="Resources"/>
            <property name="ParticleOnDeath" value="treeGib_sapling"/>
            <property name="SortOrder2" value="0350"/>
            <property name="ActivationDistance" value="4"/>
        </block>
    
    </insertBefore>

    <!-- SJ: Set RWG trees to downgrade to saplings - remove falling animation because the falling tree gets in the way of the sapling -->

    <append xpath="/blocks/block[(starts-with(@name, 'treeMountainPine') or @name='treeFirLrg01') and not (contains(@name, 'Sapling') or contains(@name, 'RandomHelper'))]">
        <property name="FallOver" value="false"/>
        <property name="DowngradeBlock" value="treeMountainPineSapling"/>
    </append>

    <append xpath="/blocks/block[starts-with(@name, 'treeOak') and not (contains(@name, 'Sapling') or contains(@name, 'RandomHelper'))]">
        <property name="FallOver" value="false"/>
        <property name="DowngradeBlock" value="treeOakSapling"/>
    </append>

    <append xpath="/blocks/block[starts-with(@name, 'treeWinter') and not (contains(@name, 'Sapling') or contains(@name, 'RandomHelper'))]">
        <property name="FallOver" value="false"/>
        <property name="DowngradeBlock" value="treeWinterPineSapling"/>
    </append>

    <append xpath="/blocks/block[(starts-with(@name, 'treeBurnt') or starts-with(@name, 'treeDeadTree') or starts-with(@name, 'treePineBurnt') or @name='treeMountainPineDry21m') and not (contains(@name, 'Sapling') or contains(@name, 'RandomHelper'))]">
        <property name="FallOver" value="false"/>
        <property name="DowngradeBlock" value="treeBurntWastelandSapling"/>
    </append>

    <append xpath="/blocks/block[(starts-with(@name, 'treeCactus') and not (contains(@name, 'Sapling') or contains(@name, 'RandomHelper')))]">
        <property name="FallOver" value="false"/>
        <property name="DowngradeBlock" value="treeCactusSapling"/>
    </append>
</configs>